name,cos_day,sin_day,days_since_launch,is_anniversary,is_new_years,is_summer,overspec,element_Electric,element_Fire,element_Iron,element_Water,element_Wind
Helm,0.6358984534680745,-0.7717727365467837,0.0,1,0,0,0,0,0,0,1,0
Laplace,0.8016235510652425,-0.5978291414589544,0.010316875460574797,1,0,0,0,0,0,1,0,0
Rupee: Winter Shopper,0.9210779895789526,-0.3893781415452015,0.020633750921149593,0,1,0,0,1,0,0,0,0
Anne: Miracle Fairy,0.9611826292540837,-0.27591294500296043,0.025792188651436992,0,1,0,0,0,0,0,0,1
Modernia,0.9999907524084426,-0.004300592702982862,0.03758290346352248,0,1,0,0,0,1,0,0,0
Viper,0.9821499931752291,0.18809941761179758,0.045689019896831246,0,1,0,0,0,0,0,1,0
Jackal,0.9821499931752291,0.18809941761179758,0.045689019896831246,0,1,0,0,0,0,1,0,0
Cocoa,0.8611467540480451,0.5083564379375123,0.0604274134119381,0,1,0,0,0,1,0,0,0
Soda,0.8611467540480451,0.5083564379375123,0.0604274134119381,0,1,0,0,0,1,0,0,0
Power,0.6258885343075018,0.7799125224167177,0.0759027266028003,0,0,0,0,0,1,0,0,0
Makima,0.6258885343075018,0.7799125224167177,0.0759027266028003,0,0,0,0,0,0,0,1,0
Biscuit,0.3098349038318025,0.9507903724625832,0.09137803979366249,0,0,0,0,1,0,0,0,0
Sakura,0.056952196034039754,0.998376906467142,0.10243183492999262,0,0,0,0,0,1,0,0,0
Alice,-0.18281692498501967,0.9831469737221499,0.11274871039056743,1,0,0,0,0,1,0,0,0
D,-0.18281692498501967,0.9831469737221499,0.11274871039056743,1,0,0,0,0,0,0,0,1
Dorothy,-0.41203363695942635,0.9111686353326631,0.12306558585114223,1,0,0,0,0,0,0,1,0
Blanc,-0.7074868024503348,0.7067265555776158,0.13854089904200442,1,0,0,0,0,0,0,0,1
Noir,-0.7872599821916922,0.6166212130956382,0.14369933677229182,1,0,0,0,0,0,0,0,1
Rosanna,-0.8556314858488706,0.5175855102531889,0.14885777450257923,1,0,0,0,1,0,0,0,0
Mary: Bay Goddess,-0.9543881083175909,0.2985688173637198,0.159174649963154,0,0,1,0,0,0,0,1,0
Neon: Blue Ocean,-0.9833429613388902,0.18175978759137534,0.1643330876934414,0,0,1,0,0,0,0,1,0
Nero,-0.9983150972033183,-0.05802556932878035,0.1746499631540162,0,0,1,0,0,1,0,0,0
Mast,-0.9556633054034706,-0.2944616217868008,0.184966838614591,0,0,1,0,1,0,0,0,0
Anis: Sparkling Summer,-0.8578494977869303,-0.5139010013093099,0.19528371407516582,0,0,0,0,1,0,0,0,0
Helm: Aquamarine,-0.7899045386224707,-0.6132298262997502,0.20044215180545322,0,0,0,0,0,0,1,0,0
2B,-0.5074302810827518,-0.8616928164028521,0.21665438467207074,0,0,0,0,0,1,0,0,0
A2,-0.4002439388573056,-0.9164086366943458,0.22181282240235814,0,0,0,0,0,1,0,0,0
Marciana,-0.18704334906991657,-0.9823516608469237,0.2313927781871776,0,0,0,0,0,0,1,0,0
Naga,0.05265805692461312,-0.9986126020839734,0.2417096536477524,1,0,0,0,1,0,0,0,0
Tia,0.172236243027682,-0.9850556718215013,0.2468680913780398,1,0,0,0,0,0,1,0,0
Quiry,0.28931997761869527,-0.957232443323312,0.2520265291083272,1,0,0,0,0,0,0,0,1
Red Hood,0.5092820071573356,-0.8605996962501181,0.262343404568902,1,0,0,0,0,0,1,0,0
Tove,0.7805849965070866,-0.6250496486104377,0.2778187177597642,1,0,0,0,0,0,0,1,0
Ludmilla: Winter Owner,0.9071390534005044,-0.42083100859565564,0.288135593220339,0,1,0,0,0,0,0,1,0
Mica: Snow Buddy,0.9511229423235357,-0.30881248126625377,0.2932940309506264,0,1,0,0,0,0,1,0,0
Scarlet: Black Shadow,0.9999907524084426,-0.004300592702982862,0.30655858511422257,0,1,0,0,0,0,0,0,1
Leona,0.9821499931752291,0.18809941761179758,0.31466470154753134,0,1,0,0,0,0,0,1,0
Moran,0.908940487313808,0.41692588132872865,0.3249815770081061,0,1,0,0,1,0,0,0,0
Privaty: Unkind Maid,0.8142923779467267,0.580454927809098,0.33308769344141487,0,0,0,0,1,0,0,0,0
Ade,0.7029130847082615,0.7112757519738152,0.3404568901989683,0,0,0,0,0,0,0,0,1
Elegg,0.612380204990065,0.7905633969115482,0.3456153279292557,0,0,0,0,1,0,0,0,0
D: Killer Wife,0.40614723863057883,0.9138076496466615,0.3559322033898305,0,0,0,0,0,1,0,0,0
Emilia,0.17647097349152166,0.984305844499033,0.3662490788504053,0,0,0,0,0,0,0,1,0
Rem,0.07411742515094415,0.9972495210773451,0.37067059690493737,0,0,0,0,0,0,0,1,0
Bay,-0.18281692498501967,0.9831469737221499,0.3817243920412675,1,0,0,0,0,1,0,0,0
Crown,-0.41203363695942635,0.9111686353326631,0.3920412675018423,1,0,0,0,0,0,1,0,0
Trony,-0.7074868024503348,0.7067265555776158,0.4075165806927045,1,0,0,0,0,1,0,0,0
Soda: Twinkling Bunny,-0.8556314858488706,0.5175855102531889,0.41783345615327927,1,0,0,0,0,0,1,0,0
Alice: Wonderland Bunny,-0.9116111071930236,0.41105375468703553,0.42299189388356667,0,0,1,0,0,0,0,1,0
Clay,-0.9833429613388902,0.18175978759137534,0.4333087693441415,0,0,1,0,1,0,0,0,0
Sakura: Bloom In Summer,-0.9983150972033183,-0.05802556932878035,0.4436256448047163,0,0,1,0,0,0,0,0,1
Rosanna: Chic Ocean,-0.984115542601034,-0.17752914918703497,0.4487840825350037,0,0,1,0,0,0,0,0,1
Ein,-0.9133704517637858,-0.4071294853542516,0.4591009579955785,0,0,1,0,1,0,0,0,0
Zwei,-0.7899045386224707,-0.6132298262997502,0.4694178334561533,0,0,0,0,1,0,0,0,0
Rei Ayanami,-0.5221776766595088,-0.852836721769459,0.4848931466470155,0,0,0,0,0,1,0,0,0
Rouge,-0.18704334906991657,-0.9823516608469237,0.5003684598378777,0,0,0,0,1,0,0,0,0
Quency: Escape Queen,0.05265805692461312,-0.9986126020839734,0.5106853352984525,1,0,0,0,0,0,0,1,0
Phantom,0.172236243027682,-0.9850556718215013,0.5158437730287398,1,0,0,0,0,0,0,1,0
Rumani,0.28931997761869527,-0.957232443323312,0.5210022107590273,1,0,0,0,0,1,0,0,0
Cinderella,0.5092820071573356,-0.8605996962501181,0.5313190862196021,1,0,0,0,1,0,0,0,0
Grave,0.6089746507720486,-0.7931896839451843,0.5364775239498895,1,0,0,0,0,1,0,0,0
Flora,0.7805849965070866,-0.6250496486104377,0.5467943994104643,1,0,0,0,1,0,0,0,0
Maiden: Ice Rose,0.9071390534005044,-0.42083100859565564,0.5571112748710391,0,1,0,0,1,0,0,0,0
Guillotine: Winter Slayer,0.9511229423235357,-0.30881248126625377,0.5622697126013264,0,1,0,0,0,0,0,1,0
Rapi: Red Hood,0.9998520419557735,0.017201575418260506,0.5770081061164333,0,1,0,1,0,1,0,0,0
Mana,0.9623603298276545,0.2717767384711357,0.5880619012527635,0,1,0,0,0,0,0,0,1
Mast: Romantic Maid,0.8697638720650646,0.49346814167723735,0.5983787767133383,0,1,0,0,0,0,0,1,0
Anchor: Innocent Maid,0.804187157621448,0.5943761565849831,0.6035372144436256,0,0,0,0,0,0,0,1,0
Asuka Shikinami Langley: Wille,0.6392116531380589,0.769030859258918,0.6138540899042004,0,0,0,0,0,0,0,0,1
Rei Ayanami (Tentative Name),0.5422021592729844,0.8402480696078469,0.6190125276344879,0,0,0,0,0,0,0,0,1
Trina,0.3261441535642696,0.945320046913132,0.6293294030950627,0,0,0,0,1,0,0,0,0
Bready,0.09126072172931188,0.9958270335100595,0.6396462785556374,0,0,0,0,0,0,0,1,0
Crust,-0.1488903868564546,0.9888537064205885,0.6499631540162122,1,0,0,0,0,0,0,1,0
Little Mermaid,-0.38044736628785186,0.9248025743285089,0.660280029476787,1,0,0,0,0,0,0,0,1
Mihara: Bonding Chain,-0.48878539428899226,0.8724040568049615,0.6654384672070744,1,0,0,1,0,1,0,0,0
Arcana,-0.6827580970759147,0.7306444969184916,0.6757553426676493,1,0,0,0,1,0,0,0,0
K,-0.8373211953118121,0.5467112728685939,0.686072218128224,1,0,0,0,1,0,0,0,0
Eve,-0.9435531242349544,0.3312212278016865,0.6963890935887989,0,0,1,0,0,0,1,0,0
Raven,-0.976508846196619,0.21547731504673012,0.7015475313190862,0,0,1,0,0,0,1,0,0
Sora,-0.9997202729664083,-0.023651127245231586,0.711864406779661,0,0,1,0,0,0,0,0,1
Dorothy: Serendipity,-0.965226663665613,-0.2614143985111562,0.7221812822402358,0,0,1,0,0,0,0,1,0
Elegg: Boom And Shock,-0.9268343944460492,-0.37547037868762057,0.7273397199705232,0,0,1,0,0,0,0,1,0
Emma: Tactical Upgrade,-0.8105309990194823,-0.5856957398073508,0.737656595431098,0,0,0,0,0,1,0,0,0
Eunhwa: Tactical Upgrade,-0.734304263829602,-0.6788204829862355,0.7428150331613854,0,0,0,0,0,1,0,0,0
Vesti: Tactical Upgrade,-0.6474427960827475,-0.7621140503891487,0.7479734708916728,0,0,0,0,0,1,0,0,0
Ade: Agent Bunny,-0.44698342951967496,-0.8945422369764492,0.7582903463522476,0,0,0,0,0,0,1,0,0
Milk: Blooming Bunny,-0.3362887301766837,-0.9417589340994614,0.763448784082535,0,0,0,0,0,0,1,0,0
Ada Wong,-0.11905873003405076,-0.9928872135356961,0.7730287398673544,0,0,0,0,1,0,0,0,0
Jill Valentine,0.018276557681691223,-0.999832969770105,0.7789240972733972,1,0,0,0,1,0,0,0,0
Delta: Ninja Thief,0.2562218218071163,-0.9666180104000972,0.789240972733972,1,0,0,0,0,0,0,1,0
Nayuta,0.4793776594606945,-0.8776087166898392,0.7995578481945468,1,0,0,0,0,0,0,0,1
Liberalio,0.5813300798152042,-0.8136678304455991,0.8047162859248342,1,0,0,0,0,0,0,0,1
Soline: Frost Ticket,0.75862255966641,-0.6515303615068021,0.815033161385409,1,0,0,0,0,0,0,1,0
Diesel: Winter Sweets,0.8921264484954345,-0.451785789832884,0.8253500368459837,0,1,0,0,0,1,0,0,0
Brid: Silent Track,0.9339267592294762,-0.3574644155648614,0.8297715549005158,0,1,0,0,0,1,0,0,0
Snow White: Heavy Arms,0.9999907524084426,-0.004300592702982862,0.8452468680913781,0,1,0,0,0,0,0,1,0
Label,0.9711394088771653,0.23851257519407645,0.8555637435519529,0,1,0,0,0,0,1,0,0
Velvet,0.8781236129591848,0.4784338202547012,0.866617538688283,0,1,0,0,0,0,0,0,1
Chisato Nishikigi,0.7501537286959042,0.6612634749656385,0.8761974944731025,0,0,0,0,0,0,1,0,0
Takina Inoue,0.6652865452111115,0.7465881145324131,0.8813559322033898,0,0,0,0,0,0,1,0,0
E.H.,0.45274469960737107,0.8916401947968874,0.89240972733972,0,0,0,0,0,0,0,0,1
Arcana: Fortune Mate,0.22701082094141847,0.9738922359149924,0.9027266028002948,0,0,0,0,0,1,0,0,0
Snow Crane,-0.13185851571739118,0.9912685467787256,0.918201915991157,1,0,0,0,0,0,0,1,0
Anis: Star,-0.3484108069446806,0.9373419384643773,0.9277818717759764,1,0,0,1,1,0,0,0,0
Neon: Vision Eye,-0.45848712914008805,0.8887010478292913,0.9329403095062638,1,0,0,1,1,0,0,0,0
Mint,-0.6700888411055113,0.742280907086982,0.9439941046425939,1,0,0,0,0,0,1,0,0
Prika,-0.8277930117131022,0.5610336262283677,0.9543109801031687,1,0,0,0,0,0,0,1,0
Ark Ranger Black,-0.9377159910299093,0.3474028211842774,0.9646278555637435,0,0,1,0,0,0,0,0,1
Cinderella: Crystal Wave,-0.9999791929590823,-0.00645086419810515,0.9801031687546058,0,0,1,0,0,0,1,0,0
Marciana: Marine Study,-0.9939927684469582,-0.10944576864891511,0.9845246868091379,0,0,1,0,0,0,1,0,0
Laplace: Ultimate Hero,-0.9331559438780433,-0.3594718130884228,0.9955784819454679,0,0,1,0,0,0,0,0,1
Maxwell: Ordinary Mechanic,-0.891152910406309,-0.45370308603134385,1.0,0,0,1,0,0,0,0,0,1
